Workbook

Sheet Database
A1: S. NO. | B1: Roll No. | C1: Student Name | D1: Father's Name | E1: DOB | F1: Class | G1: English | H1: hindi | I1: math | J1: Science | K1: Music
A2: 1 | B2: 101 | C2: Aarti | D2: Devender sharma | E2: 39052 | F2: 10th | G2: 89 | H2: 88 | I2: 87 | J2: 86 | K2: 85
A3: 2 | B3: 102 | C3: Annu Sharma | D3: lokesh sharma | E3: 38658 | F3: 11th | G3: 87 | H3: 86 | I3: 85 | J3: 84 | K3: 83
A4: 3 | B4: 103 | C4: Anshika Sain | D4: Lovesh Sain | E4: 38993 | F4: 10th | G4: 75 | H4: 56 | I4: 77 | J4: 80 | K4: 74
A5: 4 | B5: 104 | C5: Ankush Sharma | D5: Nikhil Sharma | E5: 38234 | F5: 12th | G5: 87 | H5: 88 | I5: 89 | J5: 90 | K5: 91
A6: 5 | B6: 105 | C6: Bhavesh yadav | D6: Nitin Yadav | E6: 38569 | F6: 11th | G6: 56 | H6: 55 | I6: 54 | J6: 53 | K6: 52
A7: 6 | B7: 106 | C7: Chavi saini | D7: Vivek Saini | E7: 39052 | F7: 10th | G7: 44 | H7: 40 | I7: 36 | J7: 32 | K7: 28
A8: 7 | B8: 107 | C8: Chetan Yadav | D8: Hitansh Yadav | E8: 38658 | F8: 11th | G8: 64 | H8: 63 | I8: 62 | J8: 61 | K8: 60
A9: 8 | B9: 108 | C9: Devesh Yadav | D9: Ankit Yadav | E9: 38993 | F9: 12th | G9: 64 | H9: 67 | I9: 70 | J9: 73 | K9: 76
A10: 9 | B10: 109 | C10: Hitesh Yadav | D10: Kavesh Yadav | E10: 38234 | F10: 12th | G10: 22 | H10: 24 | I10: 26 | J10: 28 | K10: 30
A11: 10 | B11: 110 | C11: Hinu Yadav | D11: Prakash Yadav | E11: 38569 | F11: 10th | G11: 32 | H11: 34 | I11: 36 | J11: 38 | K11: 40
A12: 11 | B12: 111 | C12: Himanshu Yadav | D12: Monu Yadav | E12: 39052 | F12: 11th | G12: 34 | H12: 33 | I12: 32 | J12: 31 | K12: 30
A13: 12 | B13: 112 | C13: Kirtan Sharma | D13: Vineet Sharna | E13: 38658 | F13: 12th | G13: 56 | H13: 60 | I13: 64 | J13: 68 | K13: 72
... A21: 20 | B21: 120 | C21: yogender yogi | D21: Virender Yogi | E21: 38569 | F21: 11th | G21: 100 | H21: 100 | I21: 100 | J21: 100 | K21: 99

Sheet Report Card
C8: Roll No. | D8: : | E8: 120
C9: Class | D9: : | E9: =VLOOKUP($E$8,Database!$B$2:$K$21,5,0) -> 11th
C10: Student Name | D10: : | E10: =VLOOKUP($E$8,Database!$B$2:$K$21,2,0) -> yogender yogi
C11: Father's Name | D11: : | E11: =VLOOKUP($E$8,Database!$B$2:$K$21,3,0) -> Virender Yogi
C12: DOB | D12: : | E12: =VLOOKUP($E$8,Database!$B$2:$K$21,4,0) -> 38569
E14: Subject | F14: Total Marks | G14: Passing Marks | H14: Obtained Marks | I14: Percentage | J14: Pass/Fail
E15: English | F15: 100 | G15: 33 | H15: =VLOOKUP($E$8,Database!$B$2:$K$21,MATCH('Report Card'!E15,Database!$B$1:$K$1,0),0) -> 100 | I15: =H15/F15 -> 1 | J15: =IF(H15<G15,"FAIL","PASS") -> PASS
E16: hindi | F16: 100 | G16: 33 | H16: =VLOOKUP($E$8,Database!$B$2:$K$21,MATCH('Report Card'!E16,Database!$B$1:$K$1,0),0) -> 100 | I16: =H16/F16 -> 1 | J16: =IF(H16<G16,"FAIL","PASS") -> PASS
E17: math | F17: 100 | G17: 33 | H17: =VLOOKUP($E$8,Database!$B$2:$K$21,MATCH('Report Card'!E17,Database!$B$1:$K$1,0),0) -> 100 | I17: =H17/F17 -> 1 | J17: =IF(H17<G17,"FAIL","PASS") -> PASS
E18: Science | F18: 100 | G18: 33 | H18: =VLOOKUP($E$8,Database!$B$2:$K$21,MATCH('Report Card'!E18,Database!$B$1:$K$1,0),0) -> 100 | I18: =H18/F18 -> 1 | J18: =IF(H18<G18,"FAIL","PASS") -> PASS
E19: Music | F19: 100 | G19: 33 | H19: =VLOOKUP($E$8,Database!$B$2:$K$21,MATCH('Report Card'!E19,Database!$B$1:$K$1,0),0) -> 99 | I19: =H19/F19 -> 0.99 | J19: =IF(H19<G19,"FAIL","PASS") -> PASS
I21: Total Marks | J21: =SUM(F15:F19) -> 500
E22: Final Result: | F22: =IF(COUNTIF(H15:H19,"<33")=0,"PASS", IF(COUNTIF(H15:H19,"<33")=1,"PASS (GRACE)","FAIL")) -> PASS | I22: Obtained Marks | J22: =SUM(H15:H19) -> 499
E23: Grade: | F23: =IF(COUNTIF(H15:H19,"<33")>1,"FAIL", IF(COUNTIF(H15:H19,"<33")=1,"PASS BY GRACE", IF(AVERAGE(H15:H19)>=60,"1st Division", IF(AVERAGE(H15:H19)>=45,"2nd Division", IF(AVERAGE(H15:H19)>=33,"3rd Division","FAIL"))))) -> 1st Division | I23: Percentage | J23: =(J22/J21)*100 -> 99.8
C25: CONTROLLER | M25: PRINCIPAL

Sheet Sheet3
